Ward,Precinct,Submission Date,Comment Period End Date,Ordinance Introduction Date,Ordinance Effective Date,Scope of Restriction,Enacting Ordinance,Repeal Submission Date,Repeal Comment Period End Date,Repeal Ordinance Introduction Date,Repeal Ordinance Effective Date,Repeal Ordinance
13,16,,,10/04/2023,11/12/2023,Amendment updating map after redistricting -- all new or additional shared housing restricted,https://occprodstoragev1.blob.core.usgovcloudapi.net/matterattachmentspublic/cfb0eacd-791d-45e0-9f0a-8e6dd19e7ed1.pdf,,,,,
23,8,07/07/2023,,11/07/2024,01/24/2024,Restrict all new or additional shared housing units and vacation rentals.,https://occprodstoragev1.blob.core.usgovcloudapi.net/matterattachmentspublic/ce67d8a4-ce65-48f0-999d-d82d50ccd694.pdf,,,,,
13,9,04/23/2018,05/23/2018,05/25/2018,06/27/2018,Restrict all new or additional shared housing units and vacation rentals.,https://chicago.legistar.com/View.ashx?M=F&ID=6270664&GUID=6B53E3EA-9D29-4C0E-A54D-16190CCA3661,,,,,
13,21,06/22/2021,,06/22/2021,06/25/2021,Renewal,https://chicago.legistar.com/View.ashx?M=F&ID=9501387&GUID=1EB97326-416B-4C79-BA59-F9A92116E7F2,,,,,
13,25,10/17/2019,11/17/2019,11/20/2019,12/18/2019,Restrict all new or additional shared housing units and vacation rentals.,https://chicago.legistar.com/View.ashx?M=F&ID=7909786&GUID=66A8B832-102B-483F-B2D8-9BA1F5043B75,,,,,
13,2,06/25/2021,,06/25/2021,07/21/2021,Renewal,https://chicago.legistar.com/LegislationDetail.aspx?ID=4994692&GUID=64ECC7EC-FDE9-4C6F-9AA0-5BEFFBFAC911&Options=Advanced&Search=,,,,,
13,45,04/20/2017,05/20/2017,05/24/2017,07/26/2017,Restrict all new or additional shared housing units and vacation rentals.,http://www.chicityclerk.com/sites/default/files/RRZ_W13_P45.pdf,,,,,
23,7,07/26/2023,,09/14/2023,10/04/2023,Restrict all new or additional shared housing units and vacation rentals.,https://occprodstoragev1.blob.core.usgovcloudapi.net/matterattachmentspublic/1048f7ee-10ae-403a-8eb1-fb4fa6ec4626.pdf,,,,,
13,36,10/17/2019,11/17/2019,11/20/2019,12/18/2019,Restrict all new or additional shared housing units and vacation rentals.,https://chicago.legistar.com/View.ashx?M=F&ID=7909784&GUID=9DC5028F-0649-408E-8794-A7C3CD59B0B9,,,,,
23,28,07/21/2021,,07/21/2021,09/14/2021,Renewal,https://chicago.legistar.com/View.ashx?M=F&ID=9629135&GUID=64918BB2-F7FA-4CBE-A616-0B5B0455D47D,,,,,
23,28,07/21/2021,,07/21/2021,09/14/2021,Renewal,https://chicago.legistar.com/View.ashx?M=F&ID=9629135&GUID=64918BB2-F7FA-4CBE-A616-0B5B0455D47D,,,,,
13,10,,,10/04/2023,11/12/2023,Amendment updating map after redistricting -- all new or additional shared housing restricted,https://occprodstoragev1.blob.core.usgovcloudapi.net/matterattachmentspublic/cfb0eacd-791d-45e0-9f0a-8e6dd19e7ed1.pdf,,,,,
13,24,07/31/2020,08/31/2020,09/09/2020,10/07/2020,Restrict all new or additional shared housing units and vacation rentals.,https://chicago.legistar.com/View.ashx?M=F&ID=8760028&GUID=883338F3-00E2-4D41-AA80-6AF0373FE4BB,,,,,
13,22,06/22/2021,,06/22/2021,06/25/2021,Renewal,https://chicago.legistar.com/View.ashx?M=F&ID=9501387&GUID=1EB97326-416B-4C79-BA59-F9A92116E7F2,,,,,
13,3,07/31/2020,08/31/2020,09/09/2020,10/07/2020,Restrict all new or additional shared housing units and vacation rentals.,https://chicago.legistar.com/View.ashx?M=F&ID=8760020&GUID=DF4A8DE8-4FB8-431C-A41B-25AAE28B48EB,,,,,
13,34,,,10/04/2023,11/12/2023,Amendment updating map after redistricting -- all new or additional shared housing restricted,https://occprodstoragev1.blob.core.usgovcloudapi.net/matterattachmentspublic/cfb0eacd-791d-45e0-9f0a-8e6dd19e7ed1.pdf,,,,,
13,5,,,10/04/2023,11/12/2023,Amendment updating map after redistricting -- all new or additional shared housing restricted,https://occprodstoragev1.blob.core.usgovcloudapi.net/matterattachmentspublic/cfb0eacd-791d-45e0-9f0a-8e6dd19e7ed1.pdf,,,,,
41,14,04/02/2021,05/02/2021,05/26/2021,07/21/2021,Restrict all new or additional shared housing units and vacation rentals.,https://chicago.legistar.com/LegislationDetail.aspx?ID=4964077&GUID=189178F4-7988-4605-8BFA-1A3A9F8F75D1&Options=Advanced&Search=,,,,,
13,41,08/13/2018,09/12/2018,09/20/2018,10/31/2018,Restrict all new or additional shared housing units and vacation rentals.,https://chicago.legistar.com/View.ashx?M=F&ID=6635741&GUID=B1FD137E-3F90-4391-8CD0-1592534B750A,,,,,
13,43,,,10/04/2023,11/12/2023,Amendment updating map after redistricting -- all new or additional shared housing restricted,https://occprodstoragev1.blob.core.usgovcloudapi.net/matterattachmentspublic/cfb0eacd-791d-45e0-9f0a-8e6dd19e7ed1.pdf,,,,,
13,32,06/22/2021,,06/22/2021,06/25/2021,Renewal,https://chicago.legistar.com/View.ashx?M=F&ID=9501387&GUID=1EB97326-416B-4C79-BA59-F9A92116E7F2,,,,,
23,29,07/18/2017,08/17/2017,09/06/2017,11/08/2017,Restrict all new or additional shared housing units and vacation rentals.,https://www.chicityclerk.com/sites/default/files/RRZ_W23_P29.pdf,,,,,
13,47,01/18/2023,,01/18/2023,02/01/2023,Renewal,https://chicago.legistar.com/View.ashx?M=F&ID=11584197&GUID=B97D3EA2-83C5-4A6F-A407-167988159AAE,,,,,
13,32,,,10/04/2023,11/12/2023,Amendment updating map after redistricting -- all new or additional shared housing restricted,https://occprodstoragev1.blob.core.usgovcloudapi.net/matterattachmentspublic/cfb0eacd-791d-45e0-9f0a-8e6dd19e7ed1.pdf,,,,,
23,28,07/18/2017,08/17/2017,09/06/2017,11/08/2017,Restrict all new or additional shared housing units and vacation rentals.,https://www.chicityclerk.com/sites/default/files/RRZ_W23_P28.pdf,,,,,
13,23,,,10/04/2023,11/12/2023,Amendment updating map after redistricting -- all new or additional shared housing restricted,https://occprodstoragev1.blob.core.usgovcloudapi.net/matterattachmentspublic/cfb0eacd-791d-45e0-9f0a-8e6dd19e7ed1.pdf,,,,,
13,28,,,10/04/2023,11/12/2023,Amendment updating map after redistricting -- all new or additional shared housing restricted,https://occprodstoragev1.blob.core.usgovcloudapi.net/matterattachmentspublic/cfb0eacd-791d-45e0-9f0a-8e6dd19e7ed1.pdf,,,,,
23,2,01/22/2024,,07/17/2024,09/18/2024,Restrict all new or additional shared housing units and vacation rentals.,https://occprodstoragev1.blob.core.usgovcloudapi.net/matterattachmentspublic/68b5f42f-bfef-48b8-9194-e5f45fe15b0f.pdf,,,,,
13,40,,,10/04/2023,11/12/2023,Amendment updating map after redistricting -- all new or additional shared housing restricted,https://occprodstoragev1.blob.core.usgovcloudapi.net/matterattachmentspublic/cfb0eacd-791d-45e0-9f0a-8e6dd19e7ed1.pdf,,,,,
13,18,,,10/04/2023,11/12/2023,Amendment updating map after redistricting -- all new or additional shared housing restricted,https://occprodstoragev1.blob.core.usgovcloudapi.net/matterattachmentspublic/cfb0eacd-791d-45e0-9f0a-8e6dd19e7ed1.pdf,,,,,
23,30,02/18/2020,03/18/2020,07/22/2020,09/09/2020,Restrict all new or additional shared housing units and vacation rentals.,https://chicago.legistar.com/View.ashx?M=F&ID=8681836&GUID=CDDAAF0E-5C1A-4CCE-A056-0475D11E2455,,,,,
13,47,09/29/2018,10/29/2018,11/14/2018,03/13/2019,Restrict all new or additional shared housing units and vacation rentals.,https://chicago.legistar.com/View.ashx?M=F&ID=6779784&GUID=49B55321-9E95-4BD4-8B29-76E099A9E6C4,,,,,
13,42,06/22/2021,,06/22/2021,06/25/2021,Renewal,https://chicago.legistar.com/View.ashx?M=F&ID=9501387&GUID=1EB97326-416B-4C79-BA59-F9A92116E7F2,,,,,
13,28,07/27/2018,08/26/2018,09/20/2018,10/31/2018,Restrict all new or additional shared housing units and vacation rentals.,https://chicago.legistar.com/View.ashx?M=F&ID=6635771&GUID=928BDAB2-A8F3-4667-9884-68B421D2E72F,,,,,
13,39,,,10/04/2023,11/12/2023,Amendment updating map after redistricting -- all new or additional shared housing restricted,https://occprodstoragev1.blob.core.usgovcloudapi.net/matterattachmentspublic/cfb0eacd-791d-45e0-9f0a-8e6dd19e7ed1.pdf,,,,,
13,41,07/20/2022,,07/20/2022,07/21/2022,Renewal,https://chicago.legistar.com/View.ashx?M=F&ID=11068255&GUID=87061227-B7FE-4E32-9443-93C393965FD5,,,,,
13,14,11/17/2011,,11/17/2011,12/15/2021,Renewal,https://chicago.legistar.com/View.ashx?M=F&ID=9967123&GUID=FC14E075-9F62-4686-A64E-F349F2AD25B3,,,,,
13,26,06/25/2021,,06/25/2021,07/21/2021,Renewal,https://chicago.legistar.com/LegislationDetail.aspx?ID=4994692&GUID=64ECC7EC-FDE9-4C6F-9AA0-5BEFFBFAC911&Options=Advanced&Search=,,,,,
13,15,,,10/04/2023,11/12/2023,Amendment updating map after redistricting -- all new or additional shared housing restricted,https://occprodstoragev1.blob.core.usgovcloudapi.net/matterattachmentspublic/cfb0eacd-791d-45e0-9f0a-8e6dd19e7ed1.pdf,,,,,
23,10,02/18/2020,03/18/2020,07/22/2020,09/09/2020,Restrict all new or additional shared housing units and vacation rentals.,https://chicago.legistar.com/View.ashx?M=F&ID=8681838&GUID=BF74E34D-103F-4974-9E18-B75DD4520367,,,,,
13,33,04/26/2017,05/26/2017,06/28/2017,09/06/2017,Restrict all new or additional shared housing units and vacation rentals.,http://www.chicityclerk.com/sites/default/files/RRZ_W13_P33.pdf,,,,,
13,4,06/22/2021,,06/22/2021,06/25/2021,Renewal,https://chicago.legistar.com/View.ashx?M=F&ID=9501387&GUID=1EB97326-416B-4C79-BA59-F9A92116E7F2,,,,,
13,48,,,10/04/2023,11/12/2023,Amendment updating map after redistricting -- all new or additional shared housing restricted,https://occprodstoragev1.blob.core.usgovcloudapi.net/matterattachmentspublic/cfb0eacd-791d-45e0-9f0a-8e6dd19e7ed1.pdf,,,,,
13,36,,,10/04/2023,11/12/2023,Amendment updating map after redistricting -- all new or additional shared housing restricted,https://occprodstoragev1.blob.core.usgovcloudapi.net/matterattachmentspublic/cfb0eacd-791d-45e0-9f0a-8e6dd19e7ed1.pdf,,,,,
13,23,03/15/2023,,03/15/2023,04/19/2023,Restrict all new or additional shared housing units and vacation rentals.,9799c103-cf59-485e-88c1-610d570083e6.pdf (http://usgovcloudapi.net),,,,,
13,6,05/03/2017,06/02/2017,06/28/2017,09/06/2017,Restrict all new or additional shared housing units and vacation rentals.,http://www.chicityclerk.com/sites/default/files/RRZ_W13_P6.pdf,,,,,
13,42,,,10/04/2023,11/12/2023,Amendment updating map after redistricting -- all new or additional shared housing restricted,https://occprodstoragev1.blob.core.usgovcloudapi.net/matterattachmentspublic/cfb0eacd-791d-45e0-9f0a-8e6dd19e7ed1.pdf,,,,,
13,10,04/14/2017,05/14/2017,05/24/2017,07/26/2017,Restrict all new or additional shared housing units and vacation rentals.,http://www.chicityclerk.com/sites/default/files/RRZ_W13_P10.pdf,,,,,
13,26,,,10/04/2023,11/12/2023,Amendment updating map after redistricting -- all new or additional shared housing restricted,https://occprodstoragev1.blob.core.usgovcloudapi.net/matterattachmentspublic/cfb0eacd-791d-45e0-9f0a-8e6dd19e7ed1.pdf,,,,,
13,17,,,10/04/2023,11/12/2023,Amendment updating map after redistricting -- all new or additional shared housing restricted,https://occprodstoragev1.blob.core.usgovcloudapi.net/matterattachmentspublic/cfb0eacd-791d-45e0-9f0a-8e6dd19e7ed1.pdf,,,,,
13,28,07/20/2022,,07/20/2022,07/21/2022,Renewal,https://chicago.legistar.com/View.ashx?M=F&ID=11068255&GUID=87061227-B7FE-4E32-9443-93C393965FD5,,,,,
13,5,04/16/2018,05/16/2018,05/25/2018,06/27/2018,Restrict all new or additional shared housing units and vacation rentals.,https://chicago.legistar.com/View.ashx?M=F&ID=6270640&GUID=8DCE8C52-FAC1-472B-8099-854D93212903,,,,,
13,46,02/23/2022,,02/23/2022,03/23/2022,Renewal,https://chicago.legistar.com/View.ashx?M=F&ID=10548422&GUID=75FED462-424D-47B0-A9C8-7901C7EA1E33,,,,,
13,19,04/27/2022,,04/27/2022,05/23/2022,Renewal,https://chicago.legistar.com/View.ashx?M=F&ID=10846496&GUID=862BE7CE-6B03-431A-893E-44A2D7E6BC8A,,,,,
13,48,06/22/2021,,06/22/2021,06/25/2021,Renewal,https://chicago.legistar.com/View.ashx?M=F&ID=9501387&GUID=1EB97326-416B-4C79-BA59-F9A92116E7F2,,,,,
23,10,06/22/2024,07/11/2024,09/18/2024,10/30/2024,Restrict all new or additional shared housing units and vacation rentals.,https://occprodstoragev1.blob.core.usgovcloudapi.net/matterattachmentspublic/585f473d-1f4c-454b-8d11-4a8c3b9121d9.pdf,,,,,
13,45,,,10/04/2023,11/12/2023,Amendment updating map after redistricting -- all new or additional shared housing restricted,https://occprodstoragev1.blob.core.usgovcloudapi.net/matterattachmentspublic/cfb0eacd-791d-45e0-9f0a-8e6dd19e7ed1.pdf,,,,,
13,44,09/04/2018,10/04/2018,11/14/2018,03/13/2019,Restrict all new or additional shared housing units and vacation rentals.,https://chicago.legistar.com/View.ashx?M=F&ID=6779786&GUID=22FF44F2-7CFB-4735-94DA-555305B8468F,,,,,
13,29,,,10/04/2023,11/12/2023,Amendment updating map after redistricting -- all new or additional shared housing restricted,https://occprodstoragev1.blob.core.usgovcloudapi.net/matterattachmentspublic/cfb0eacd-791d-45e0-9f0a-8e6dd19e7ed1.pdf,,,,,
13,20,,,10/04/2023,11/12/2023,Amendment updating map after redistricting -- all new or additional shared housing restricted,https://occprodstoragev1.blob.core.usgovcloudapi.net/matterattachmentspublic/cfb0eacd-791d-45e0-9f0a-8e6dd19e7ed1.pdf,,,,,
13,13,06/15/2017,07/15/2017,09/06/2017,11/08/2017,Restrict all new or additional shared housing units and vacation rentals.,https://www.chicityclerk.com/sites/default/files/RRZ_W13_P13.pdf,,,,,
23,22,07/18/2017,08/17/2017,11/21/2017,01/17/2018,Restrict all new or additional shared housing units and vacation rentals.,http://www.chicityclerk.com/file/7565/download?token=pS5k0e_K,,,,,
13,30,,,10/04/2023,11/12/2023,Amendment updating map after redistricting -- all new or additional shared housing restricted,https://occprodstoragev1.blob.core.usgovcloudapi.net/matterattachmentspublic/cfb0eacd-791d-45e0-9f0a-8e6dd19e7ed1.pdf,,,,,
13,23,07/31/2020,08/31/2020,09/09/2020,10/07/2020,Restrict all new or additional shared housing units and vacation rentals.,https://chicago.legistar.com/View.ashx?M=F&ID=8760026&GUID=25D054BE-E473-487C-9632-D18105A7D261,,,,,
13,47,,,10/04/2023,11/12/2023,Amendment updating map after redistricting -- all new or additional shared housing restricted,https://occprodstoragev1.blob.core.usgovcloudapi.net/matterattachmentspublic/cfb0eacd-791d-45e0-9f0a-8e6dd19e7ed1.pdf,,,,,
23,32,,,09/14/2023,10/04/2023,Amendment updating map after redistricting -- all new or additional shared housing restricted,https://occprodstoragev1.blob.core.usgovcloudapi.net/matterattachmentspublic/f35f4aac-1c34-4e95-b78b-b7e9c0462439.pdf,,,,,
23,6,04/03/2024,,07/17/2024,09/18/2024,Restrict all new or additional shared housing units and vacation rentals.,https://occprodstoragev1.blob.core.usgovcloudapi.net/matterattachmentspublic/9755bc2a-663b-4705-a906-5889e68bfe54.pdf,,,,,
23,18,07/18/2017,08/17/2017,10/11/2017,11/15/2017,Restrict all new or additional shared housing units and vacation rentals.,https://www.chicityclerk.com/sites/default/files/RRZ_W23_P18.pdf,,,,,
13,27,06/25/2021,,06/25/2021,07/21/2021,Renewal,https://chicago.legistar.com/LegislationDetail.aspx?ID=4994692&GUID=64ECC7EC-FDE9-4C6F-9AA0-5BEFFBFAC911&Options=Advanced&Search=,,,,,
13,19,04/04/2018,05/04/2018,05/25/2018,06/27/2018,Restrict all new or additional shared housing units and vacation rentals.,https://chicago.legistar.com/View.ashx?M=F&ID=6270640&GUID=8DCE8C52-FAC1-472B-8099-854D93212903,,,,,
13,38,,,10/04/2023,11/12/2023,Amendment updating map after redistricting -- all new or additional shared housing restricted,https://occprodstoragev1.blob.core.usgovcloudapi.net/matterattachmentspublic/cfb0eacd-791d-45e0-9f0a-8e6dd19e7ed1.pdf,,,,,
13,14,,,10/04/2023,11/12/2023,Amendment updating map after redistricting -- all new or additional shared housing restricted,https://occprodstoragev1.blob.core.usgovcloudapi.net/matterattachmentspublic/cfb0eacd-791d-45e0-9f0a-8e6dd19e7ed1.pdf,,,,,
13,14,11/27/2017,12/27/2017,01/17/2018,03/28/2018,Restrict all new or additional shared housing units and vacation rentals.,http://www.chicityclerk.com/file/7631/download?token=8DJgn1KC,,,,,
13,46,02/20/2018,03/22/2018,03/28/2018,05/25/2018,Restrict all new or additional shared housing units and vacation rentals.,https://www.chicityclerk.com/file/7763/download?token=p9DMcXTX,,,,,
13,38,05/17/2017,06/16/2017,06/28/2017,09/06/2017,Restrict all new or additional shared housing units and vacation rentals.,http://www.chicityclerk.com/sites/default/files/RRZ_W13_P38.pdf,,,,,
13,8,05/31/2017,06/30/2017,07/26/2017,10/11/2017,Restrict all new or additional shared housing units and vacation rentals.,http://www.chicityclerk.com/sites/default/files/RRZ_W13_P8.pdf,,,,,
13,33,06/22/2021,,06/22/2021,06/25/2021,Renewal,https://chicago.legistar.com/View.ashx?M=F&ID=9501387&GUID=1EB97326-416B-4C79-BA59-F9A92116E7F2,,,,,
13,12,11/17/2011,,11/17/2021,12/15/2021,Renewal,https://chicago.legistar.com/View.ashx?M=F&ID=9967123&GUID=FC14E075-9F62-4686-A64E-F349F2AD25B3,,,,,
13,39,07/31/2020,08/31/2020,09/09/2020,10/07/2020,Restrict all new or additional shared housing units and vacation rentals.,https://chicago.legistar.com/View.ashx?M=F&ID=8760030&GUID=79FD7268-06E1-4C71-B04F-2D359A598AC9,,,,,
13,35,,,10/04/2023,11/12/2023,Amendment updating map after redistricting -- all new or additional shared housing restricted,https://occprodstoragev1.blob.core.usgovcloudapi.net/matterattachmentspublic/cfb0eacd-791d-45e0-9f0a-8e6dd19e7ed1.pdf,,,,,
13,43,09/14/2021,,09/14/2021,11/17/2021,Renewal,https://chicago.legistar.com/View.ashx?M=F&ID=9808012&GUID=C171AD85-80DB-4CC5-9ED4-4F451C52D9FA,,,,,
13,2,,,10/04/2023,11/12/2023,Amendment updating map after redistricting -- all new or additional shared housing restricted,https://occprodstoragev1.blob.core.usgovcloudapi.net/matterattachmentspublic/cfb0eacd-791d-45e0-9f0a-8e6dd19e7ed1.pdf,,,,,
13,21,04/13/2017,05/13/2017,05/24/2017,07/26/2017,Restrict all new or additional shared housing units and vacation rentals.,http://www.chicityclerk.com/sites/default/files/RRZ_W13_P10.pdf,,,,,
13,31,05/03/2017,06/02/2017,06/28/2017,09/06/2017,Restrict all new or additional shared housing units and vacation rentals.,http://www.chicityclerk.com/sites/default/files/RRZ_W13_P31.pdf,,,,,
13,41,,,10/04/2023,11/12/2023,Amendment updating map after redistricting -- all new or additional shared housing restricted,https://occprodstoragev1.blob.core.usgovcloudapi.net/matterattachmentspublic/cfb0eacd-791d-45e0-9f0a-8e6dd19e7ed1.pdf,,,,,
11,31,06/25/2019,07/25/2019,10/16/2019,11/13/2019,Restrict all new or additional shared housing units and vacation rentals.,https://chicago.legistar.com/View.ashx?M=F&ID=7806178&GUID=DF95A64D-424C-4B3A-819F-865BA9E7C5D1,,,,,
13,4,,,10/04/2023,11/12/2023,Amendment updating map after redistricting -- all new or additional shared housing restricted,https://occprodstoragev1.blob.core.usgovcloudapi.net/matterattachmentspublic/cfb0eacd-791d-45e0-9f0a-8e6dd19e7ed1.pdf,,,,,
13,21,09/29/2023,,12/14/2023,01/24/2024,Restrict all new or additional shared housing units and vacation rentals.,https://occprodstoragev1.blob.core.usgovcloudapi.net/matterattachmentspublic/bcabbe56-c187-447f-b49d-a2c80eecee0a.pdf,,,,,
13,15,08/23/2019,09/23/2019,10/16/2019,11/13/2019,Restrict all new or additional shared housing units and vacation rentals.,https://chicago.legistar.com/View.ashx?M=F&ID=7806170&GUID=6382C507-061B-4B95-8974-6C2112D695A2,,,,,
13,38,06/22/2021,,06/22/2021,06/25/2021,Renewal,https://chicago.legistar.com/View.ashx?M=F&ID=9501387&GUID=1EB97326-416B-4C79-BA59-F9A92116E7F2,,,,,
13,46,,,10/04/2023,11/12/2023,Amendment updating map after redistricting -- all new or additional shared housing restricted,https://occprodstoragev1.blob.core.usgovcloudapi.net/matterattachmentspublic/cfb0eacd-791d-45e0-9f0a-8e6dd19e7ed1.pdf,,,,,
13,34,09/14/2021,,09/14/2021,11/17/2021,Renewal,https://chicago.legistar.com/View.ashx?M=F&ID=9808012&GUID=C171AD85-80DB-4CC5-9ED4-4F451C52D9FA,,,,,
13,18,06/25/2021,,06/25/2021,07/21/2021,Renewal,https://chicago.legistar.com/LegislationDetail.aspx?ID=4994692&GUID=64ECC7EC-FDE9-4C6F-9AA0-5BEFFBFAC911&Options=Advanced&Search=,,,,,
13,21,,,10/04/2023,11/12/2023,Amendment updating map after redistricting -- all new or additional shared housing restricted,https://occprodstoragev1.blob.core.usgovcloudapi.net/matterattachmentspublic/cfb0eacd-791d-45e0-9f0a-8e6dd19e7ed1.pdf,,,,,
13,17,06/25/2021,,06/25/2021,07/21/2021,Renewal,https://chicago.legistar.com/LegislationDetail.aspx?ID=4994692&GUID=64ECC7EC-FDE9-4C6F-9AA0-5BEFFBFAC911&Options=Advanced&Search=,,,,,
13,37,05/24/2023,,05/24/2023,06/21/2023,Restrict all new or additional shared housing units and vacation rentals.,616dfb9a-39a7-46b9-9cae-9fe386290474.pdf (http://usgovcloudapi.net),,,,,
13,11,06/22/2021,,06/22/2021,06/25/2021,Renewal,https://chicago.legistar.com/View.ashx?M=F&ID=9501387&GUID=1EB97326-416B-4C79-BA59-F9A92116E7F2,,,,,
13,10,06/22/2021,,06/22/2021,06/25/2021,Renewal,https://chicago.legistar.com/View.ashx?M=F&ID=9501387&GUID=1EB97326-416B-4C79-BA59-F9A92116E7F2,,,,,
13,29,10/23/2017,11/22/2017,12/13/2017,02/28/2018,Restrict all new or additional shared housing units and vacation rentals.,http://www.chicityclerk.com/file/7598/download?token=0EJpO5tI,,,,,
13,11,,,10/04/2023,11/12/2023,Amendment updating map after redistricting -- all new or additional shared housing restricted,https://occprodstoragev1.blob.core.usgovcloudapi.net/matterattachmentspublic/cfb0eacd-791d-45e0-9f0a-8e6dd19e7ed1.pdf,,,,,
23,22,07/21/2021,,07/21/2021,09/14/2021,Renewal,https://chicago.legistar.com/View.ashx?M=F&ID=9629135&GUID=64918BB2-F7FA-4CBE-A616-0B5B0455D47D,,,,,
23,22,07/21/2021,,07/21/2021,09/14/2021,Renewal,https://chicago.legistar.com/View.ashx?M=F&ID=9629135&GUID=64918BB2-F7FA-4CBE-A616-0B5B0455D47D,,,,,
23,29,,,09/14/2023,10/04/2023,Amendment updating map after redistricting -- all new or additional shared housing restricted,https://occprodstoragev1.blob.core.usgovcloudapi.net/matterattachmentspublic/a0a7f1af-3310-4886-80f6-5e9db7e7a961.pdf,,,,,
41,22,10/13/2017,11/13/2017,05/26/2021,07/21/2021,Restrict all new or additional shared housing units and vacation rentals.,https://chicago.legistar.com/LegislationDetail.aspx?ID=4964078&GUID=F9C3D5C4-9A7F-4F60-83BA-9B7E10E3206D&Options=Advanced&Search=,,,,,
23,29,07/21/2021,,07/21/2021,09/14/2021,Renewal,https://chicago.legistar.com/View.ashx?M=F&ID=9629135&GUID=64918BB2-F7FA-4CBE-A616-0B5B0455D47D,,,,,
23,29,07/21/2021,,07/21/2021,09/14/2021,Renewal,https://chicago.legistar.com/View.ashx?M=F&ID=9629135&GUID=64918BB2-F7FA-4CBE-A616-0B5B0455D47D,,,,,
13,24,,,10/04/2023,11/12/2023,Amendment updating map after redistricting -- all new or additional shared housing restricted,https://occprodstoragev1.blob.core.usgovcloudapi.net/matterattachmentspublic/cfb0eacd-791d-45e0-9f0a-8e6dd19e7ed1.pdf,,,,,
13,6,06/22/2021,,06/22/2021,06/25/2021,Renewal,https://chicago.legistar.com/View.ashx?M=F&ID=9501387&GUID=1EB97326-416B-4C79-BA59-F9A92116E7F2,,,,,
13,44,,,10/04/2023,11/12/2023,Amendment updating map after redistricting -- all new or additional shared housing restricted,https://occprodstoragev1.blob.core.usgovcloudapi.net/matterattachmentspublic/cfb0eacd-791d-45e0-9f0a-8e6dd19e7ed1.pdf,,,,,
13,12,,,10/04/2023,11/12/2023,Amendment updating map after redistricting -- all new or additional shared housing restricted,https://occprodstoragev1.blob.core.usgovcloudapi.net/matterattachmentspublic/cfb0eacd-791d-45e0-9f0a-8e6dd19e7ed1.pdf,,,,,
13,27,06/15/2017,07/15/2017,07/26/2017,10/11/2017,Restrict all new or additional shared housing units and vacation rentals.,http://www.chicityclerk.com/sites/default/files/RRZ_W13_P27.pdf,,,,,
13,1,,,10/04/2023,11/12/2023,Amendment updating map after redistricting -- all new or additional shared housing restricted,https://occprodstoragev1.blob.core.usgovcloudapi.net/matterattachmentspublic/cfb0eacd-791d-45e0-9f0a-8e6dd19e7ed1.pdf,,,,,
23,21,09/21/2022,,09/21/2022,10/26/2022,Restrict all new or additional shared housing units and vacation rentals.,https://chicago.legistar.com/View.ashx?M=F&ID=11252323&GUID=038E606C-CB40-4F74-A932-0B68CCAFA7C1,,,,,
13,8,,,10/04/2023,11/12/2023,Amendment updating map after redistricting -- all new or additional shared housing restricted,https://occprodstoragev1.blob.core.usgovcloudapi.net/matterattachmentspublic/cfb0eacd-791d-45e0-9f0a-8e6dd19e7ed1.pdf,,,,,
13,3,,,10/04/2023,11/12/2023,Amendment updating map after redistricting -- all new or additional shared housing restricted,https://occprodstoragev1.blob.core.usgovcloudapi.net/matterattachmentspublic/cfb0eacd-791d-45e0-9f0a-8e6dd19e7ed1.pdf,,,,,
13,13,09/14/2021,,09/14/2021,11/17/2021,Renewal,https://chicago.legistar.com/View.ashx?M=F&ID=9808012&GUID=C171AD85-80DB-4CC5-9ED4-4F451C52D9FA,,,,,
13,1,06/25/2021,,06/25/2021,07/21/2021,Renewal,https://chicago.legistar.com/LegislationDetail.aspx?ID=4994692&GUID=64ECC7EC-FDE9-4C6F-9AA0-5BEFFBFAC911&Options=Advanced&Search=,,,,,
13,29,11/17/2021,,11/17/2021,12/15/2021,Renewal,https://chicago.legistar.com/View.ashx?M=F&ID=9967123&GUID=FC14E075-9F62-4686-A64E-F349F2AD25B3,,,,,
23,23,07/21/2021,,07/21/2021,09/14/2021,Renewal,https://chicago.legistar.com/View.ashx?M=F&ID=9629135&GUID=64918BB2-F7FA-4CBE-A616-0B5B0455D47D,,,,,
23,23,07/21/2021,,07/21/2021,09/14/2021,Renewal,https://chicago.legistar.com/View.ashx?M=F&ID=9629135&GUID=64918BB2-F7FA-4CBE-A616-0B5B0455D47D,,,,,
23,4,07/14/2017,08/13/2017,09/06/2017,11/08/2017,Restrict all new or additional shared housing units and vacation rentals.,https://www.chicityclerk.com/sites/default/files/RRZ_W23_P4.pdf,,,,,
23,3,05/24/2023,,07/19/2023,09/13/2023,Restrict all new or additional shared housing units and vacation rentals.,https://occprodstoragev1.blob.core.usgovcloudapi.net/matterattachmentspublic/0674d5ab-a668-460c-b007-049ca157a75a.pdf,,,,,
13,19,,,10/04/2023,11/12/2023,Amendment updating map after redistricting -- all new or additional shared housing restricted,https://occprodstoragev1.blob.core.usgovcloudapi.net/matterattachmentspublic/cfb0eacd-791d-45e0-9f0a-8e6dd19e7ed1.pdf,,,,,
13,43,07/21/2021,,07/21/2021,11/17/2021,Renewal,https://chicago.legistar.com/View.ashx?M=F&ID=9808012&GUID=C171AD85-80DB-4CC5-9ED4-4F451C52D9FA,,,,,
13,7,,,10/04/2023,11/12/2023,Amendment updating map after redistricting -- all new or additional shared housing restricted,https://occprodstoragev1.blob.core.usgovcloudapi.net/matterattachmentspublic/cfb0eacd-791d-45e0-9f0a-8e6dd19e7ed1.pdf,,,,,
13,16,07/31/2020,08/31/2020,09/09/2020,10/07/2020,Restrict all new or additional shared housing units and vacation rentals.,https://chicago.legistar.com/View.ashx?M=F&ID=8760024&GUID=9A3A95EB-3632-4BA9-BC88-D41AF5DB422C,,,,,
13,5,04/27/2022,,04/27/2022,05/23/2022,Renewal,https://chicago.legistar.com/View.ashx?M=F&ID=10846496&GUID=862BE7CE-6B03-431A-893E-44A2D7E6BC8A,,,,,
13,29,11/17/2011,,11/17/2011,12/15/2021,Renewal,https://chicago.legistar.com/View.ashx?M=F&ID=9967123&GUID=FC14E075-9F62-4686-A64E-F349F2AD25B3,,,,,
13,44,01/18/2023,,01/18/2023,02/01/2023,Renewal,https://chicago.legistar.com/View.ashx?M=F&ID=11584197&GUID=B97D3EA2-83C5-4A6F-A407-167988159AAE,,,,,
13,1,06/09/2017,07/09/2017,07/26/2017,10/11/2017,Restrict all new or additional shared housing units and vacation rentals.,http://www.chicityclerk.com/sites/default/files/RRZ_W13_P1.pdf,,,,,
13,13,07/21/2021,,07/21/2021,11/17/2021,Renewal,https://chicago.legistar.com/View.ashx?M=F&ID=9808012&GUID=C171AD85-80DB-4CC5-9ED4-4F451C52D9FA,,,,,
23,30,,,09/14/2023,10/04/2023,Amendment updating map after redistricting -- all new or additional shared housing restricted,https://occprodstoragev1.blob.core.usgovcloudapi.net/matterattachmentspublic/6dcb213d-3d2d-4051-b806-116324453c3e.pdf,,,,,
23,1,05/02/2023,,07/19/2023,09/13/2023,Restrict all new or additional shared housing units and vacation rentals.,https://occprodstoragev1.blob.core.usgovcloudapi.net/matterattachmentspublic/facfa7f8-94a2-4cbc-96a2-fd872fa5f324.pdf,,,,,
13,11,05/17/2017,06/16/2017,06/28/2017,09/06/2017,Restrict all new or additional shared housing units and vacation rentals.,http://www.chicityclerk.com/sites/default/files/RRZ_W13_P11.pdf,,,,,
13,31,06/22/2021,,06/22/2021,06/25/2021,Renewal,https://chicago.legistar.com/View.ashx?M=F&ID=9501387&GUID=1EB97326-416B-4C79-BA59-F9A92116E7F2,,,,,
13,17,05/25/2017,06/24/2017,07/26/2017,10/11/2017,Restrict all new or additional shared housing units and vacation rentals.,http://www.chicityclerk.com/sites/default/files/RRZ_W13_P17.pdf,,,,,
23,35,09/26/2019,10/26/2019,11/20/2019,12/18/2019,Restrict all new or additional shared housing units and vacation rentals.,https://chicago.legistar.com/View.ashx?M=F&ID=7877731&GUID=7A00DCAE-78AE-4CC8-9F7C-0ECEB3FFA747,,,,,
13,8,06/25/2021,,06/25/2021,07/21/2021,Renewal,https://chicago.legistar.com/LegislationDetail.aspx?ID=4994692&GUID=64ECC7EC-FDE9-4C6F-9AA0-5BEFFBFAC911&Options=Advanced&Search=,,,,,
13,22,,,10/04/2023,11/12/2023,Amendment updating map after redistricting -- all new or additional shared housing restricted,https://occprodstoragev1.blob.core.usgovcloudapi.net/matterattachmentspublic/cfb0eacd-791d-45e0-9f0a-8e6dd19e7ed1.pdf,,,,,
13,33,,,10/04/2023,11/12/2023,Amendment updating map after redistricting -- all new or additional shared housing restricted,https://occprodstoragev1.blob.core.usgovcloudapi.net/matterattachmentspublic/cfb0eacd-791d-45e0-9f0a-8e6dd19e7ed1.pdf,,,,,
13,43,06/19/2017,07/19/2017,09/06/2017,11/08/2017,Restrict all new or additional shared housing units and vacation rentals.,https://www.chicityclerk.com/sites/default/files/RRZ_W13_P43.pdf,,,,,
13,13,,,10/04/2023,11/12/2023,Amendment updating map after redistricting -- all new or additional shared housing restricted,https://occprodstoragev1.blob.core.usgovcloudapi.net/matterattachmentspublic/cfb0eacd-791d-45e0-9f0a-8e6dd19e7ed1.pdf,,,,,
23,8,07/21/2021,,07/21/2021,09/14/2021,Renewal,https://chicago.legistar.com/View.ashx?M=F&ID=9629135&GUID=64918BB2-F7FA-4CBE-A616-0B5B0455D47D,,,,,
23,8,07/21/2021,,07/21/2021,09/14/2021,Renewal,https://chicago.legistar.com/View.ashx?M=F&ID=9629135&GUID=64918BB2-F7FA-4CBE-A616-0B5B0455D47D,,,,,
23,5,07/27/2023,,11/07/2023,01/24/2024,Restrict all new or additional shared housing units and vacation rentals.,https://occprodstoragev1.blob.core.usgovcloudapi.net/matterattachmentspublic/598d37b0-f5c1-4118-916a-f7e473890425.pdf,,,,,
13,48,04/14/2017,05/14/2017,05/24/2017,07/26/2017,Restrict all new or additional shared housing units and vacation rentals.,http://www.chicityclerk.com/sites/default/files/RRZ_W13_P48.pdf,,,,,
13,30,07/27/2018,08/26/2018,09/20/2018,10/31/2018,Restrict all new or additional shared housing units and vacation rentals.,https://chicago.legistar.com/View.ashx?M=F&ID=6635773&GUID=A58BF9F6-ABE6-4522-A041-B517BAE6E14F,,,,,
13,42,04/26/2017,05/26/2017,06/28/2017,09/06/2017,Restrict all new or additional shared housing units and vacation rentals.,http://www.chicityclerk.com/sites/default/files/RRZ_W13_P42.pdf,,,,,
19,45,10/26/2022,,10/26/2022,12/14/2022,Restrict all new or additional shared housing units and vacation rentals.,https://chicago.legistar.com/View.ashx?M=F&ID=11359191&GUID=FC5759CF-8E6D-45DA-AAB5-4FA93F2FB60D,,,,,
13,20,06/22/2021,,06/22/2021,06/25/2021,Renewal,https://chicago.legistar.com/View.ashx?M=F&ID=9501387&GUID=1EB97326-416B-4C79-BA59-F9A92116E7F2,,,,,
13,4,05/04/2017,06/03/2017,06/28/2017,09/06/2017,Restrict all new or additional shared housing units and vacation rentals.,http://www.chicityclerk.com/sites/default/files/RRZ_W13_P4.pdf,,,,,
13,30,07/20/2022,,07/20/2022,07/21/2022,Renewal,https://chicago.legistar.com/View.ashx?M=F&ID=11068255&GUID=87061227-B7FE-4E32-9443-93C393965FD5,,,,,
13,37,11/01/2019,12/01/2019,12/18/2019,01/15/2020,Restrict all new or additional shared housing units and vacation rentals.,https://chicago.legistar.com/View.ashx?M=F&ID=7968908&GUID=FD1D0F0E-A5ED-4064-930B-E2A93476B608,,,,,
23,23,07/18/2017,08/17/2017,10/11/2017,11/15/2017,Restrict all new or additional shared housing units and vacation rentals.,https://www.chicityclerk.com/sites/default/files/RRZ_W23_P23.pdf,,,,,
13,32,05/03/2017,06/02/2017,06/28/2017,09/06/2017,Restrict all new or additional shared housing units and vacation rentals.,http://www.chicityclerk.com/sites/default/files/RRZ_W13_P32.pdf,,,,,
13,25,,,10/04/2023,11/12/2023,Amendment updating map after redistricting -- all new or additional shared housing restricted,https://occprodstoragev1.blob.core.usgovcloudapi.net/matterattachmentspublic/cfb0eacd-791d-45e0-9f0a-8e6dd19e7ed1.pdf,,,,,
13,35,07/31/2019,08/31/2019,09/18/2019,10/16/2019,Restrict all new or additional shared housing units and vacation rentals.,https://chicago.legistar.com/View.ashx?M=F&ID=7718551&GUID=34DF7AC7-D995-4FAB-B3B1-521999A07308,,,,,
23,1,07/21/2021,,07/21/2021,09/14/2021,Renewal,https://chicago.legistar.com/View.ashx?M=F&ID=9629135&GUID=64918BB2-F7FA-4CBE-A616-0B5B0455D47D,,,,,
23,1,07/21/2021,,07/21/2021,09/14/2021,Renewal,https://chicago.legistar.com/View.ashx?M=F&ID=9629135&GUID=64918BB2-F7FA-4CBE-A616-0B5B0455D47D,,,,,
13,31,,,10/04/2023,11/12/2023,Amendment updating map after redistricting -- all new or additional shared housing restricted,https://occprodstoragev1.blob.core.usgovcloudapi.net/matterattachmentspublic/cfb0eacd-791d-45e0-9f0a-8e6dd19e7ed1.pdf,,,,,
13,18,05/31/2017,06/30/2017,07/26/2017,10/11/2017,Restrict all new or additional shared housing units and vacation rentals.,http://www.chicityclerk.com/sites/default/files/RRZ_W13_P18.pdf,,,,,
13,9,04/27/2022,,04/27/2022,05/23/2022,Renewal,https://chicago.legistar.com/View.ashx?M=F&ID=10846496&GUID=862BE7CE-6B03-431A-893E-44A2D7E6BC8A,,,,,
23,1,07/11/2017,08/10/2017,10/11/2017,11/15/2017,Restrict all new or additional shared housing units and vacation rentals.,https://www.chicityclerk.com/sites/default/files/RRZ_W23_P1.pdf,,,,,
23,37,,,09/14/2023,10/04/2023,Amendment updating map after redistricting -- all new or additional shared housing restricted,https://occprodstoragev1.blob.core.usgovcloudapi.net/matterattachmentspublic/63e268f4-dda7-4caf-87cf-72d08c744c41.pdf,,,,,
13,7,07/31/2020,08/31/2020,09/09/2020,10/07/2020,Restrict all new or additional shared housing units and vacation rentals.,https://chicago.legistar.com/View.ashx?M=F&ID=8760022&GUID=ACDEFD9A-F7F3-40C1-8D0D-80659B5544DE,,,,,
23,18,07/21/2021,,07/21/2021,09/14/2021,Renewal,https://chicago.legistar.com/View.ashx?M=F&ID=9629135&GUID=64918BB2-F7FA-4CBE-A616-0B5B0455D47D,,,,,
23,18,07/21/2021,,07/21/2021,09/14/2021,Renewal,https://chicago.legistar.com/View.ashx?M=F&ID=9629135&GUID=64918BB2-F7FA-4CBE-A616-0B5B0455D47D,,,,,
13,14,11/17/2021,,11/17/2021,12/15/2021,Renewal,https://chicago.legistar.com/View.ashx?M=F&ID=9967123&GUID=FC14E075-9F62-4686-A64E-F349F2AD25B3,,,,,
13,22,05/12/2017,06/11/2017,06/28/2017,09/06/2017,Restrict all new or additional shared housing units and vacation rentals.,http://www.chicityclerk.com/sites/default/files/RRZ_W13_P22.pdf,,,,,
13,34,07/21/2021,,07/21/2021,11/17/2021,Renewal,https://chicago.legistar.com/View.ashx?M=F&ID=9808012&GUID=C171AD85-80DB-4CC5-9ED4-4F451C52D9FA,,,,,
13,9,,,10/04/2023,11/12/2023,Amendment updating map after redistricting -- all new or additional shared housing restricted,https://occprodstoragev1.blob.core.usgovcloudapi.net/matterattachmentspublic/cfb0eacd-791d-45e0-9f0a-8e6dd19e7ed1.pdf,,,,,
23,6,05/26/2021,,05/26/2021,07/14/2021,Restrict all new or additional shared housing units and vacation rentals.,https://chicago.legistar.com/LegislationDetail.aspx?ID=4964110&GUID=7B77F863-480E-4ECF-8BFA-F7FDDD0BDCF8&Options=Advanced&Search=,,,,,
13,20,04/26/2017,05/26/2017,06/28/2017,09/06/2017,Restrict all new or additional shared housing units and vacation rentals.,http://www.chicityclerk.com/sites/default/files/RRZ_W13_P20.pdf,,,,,
23,28,,,09/14/2023,10/04/2023,Amendment updating map after redistricting -- all new or additional shared housing restricted,https://occprodstoragev1.blob.core.usgovcloudapi.net/matterattachmentspublic/6e1d4437-509c-4acb-8c67-7b60a6d2de70.pdf,,,,,
23,8,07/18/2017,08/17/2017,10/11/2017,11/15/2017,Restrict all new or additional shared housing units and vacation rentals.,https://www.chicityclerk.com/sites/default/files/RRZ_W23_P8.pdf,,,,,
13,6,,,10/04/2023,11/12/2023,Amendment updating map after redistricting -- all new or additional shared housing restricted,https://occprodstoragev1.blob.core.usgovcloudapi.net/matterattachmentspublic/cfb0eacd-791d-45e0-9f0a-8e6dd19e7ed1.pdf,,,,,
13,12,11/17/2021,,11/17/2021,12/15/2021,Renewal,https://chicago.legistar.com/View.ashx?M=F&ID=9967123&GUID=FC14E075-9F62-4686-A64E-F349F2AD25B3,,,,,
23,9,04/30/2024,,07/17/2024,09/18/2024,Restrict all new or additional shared housing units and vacation rentals.,https://occprodstoragev1.blob.core.usgovcloudapi.net/matterattachmentspublic/1e03f138-ff4b-45c7-b9c4-f852ed359186.pdf,,,,,
13,45,06/22/2021,,06/22/2021,06/25/2021,Renewal,https://chicago.legistar.com/View.ashx?M=F&ID=9501387&GUID=1EB97326-416B-4C79-BA59-F9A92116E7F2,,,,,
13,40,07/31/2020,08/31/2020,09/09/2020,10/07/2020,Restrict all new or additional shared housing units and vacation rentals.,https://chicago.legistar.com/View.ashx?M=F&ID=8760032&GUID=33719F6A-59EC-4852-BF0A-F35960790E1E,,,,,
13,27,,,10/04/2023,11/12/2023,Amendment updating map after redistricting -- all new or additional shared housing restricted,https://occprodstoragev1.blob.core.usgovcloudapi.net/matterattachmentspublic/cfb0eacd-791d-45e0-9f0a-8e6dd19e7ed1.pdf,,,,,
13,37,,,10/04/2023,11/12/2023,Amendment updating map after redistricting -- all new or additional shared housing restricted,https://occprodstoragev1.blob.core.usgovcloudapi.net/matterattachmentspublic/cfb0eacd-791d-45e0-9f0a-8e6dd19e7ed1.pdf,,,,,
23,37,09/21/2022,,09/21/2022,10/26/2022,Restrict all new or additional shared housing units and vacation rentals.,https://chicago.legistar.com/View.ashx?M=F&ID=11252321&GUID=04F36B00-6ECA-49FC-A3AA-2B8865EA5D34,,,,,
23,31,,,09/14/2023,10/04/2023,Amendment updating map after redistricting -- all new or additional shared housing restricted,https://occprodstoragev1.blob.core.usgovcloudapi.net/matterattachmentspublic/595049f6-ae12-4577-83b1-2b1c6a1579a0.pdf,,,,,
23,4,07/21/2021,,07/21/2021,09/14/2021,Renewal,https://chicago.legistar.com/View.ashx?M=F&ID=9629135&GUID=64918BB2-F7FA-4CBE-A616-0B5B0455D47D,,,,,
23,4,07/21/2021,,07/21/2021,09/14/2021,Renewal,https://chicago.legistar.com/View.ashx?M=F&ID=9629135&GUID=64918BB2-F7FA-4CBE-A616-0B5B0455D47D,,,,,
13,26,05/31/2017,06/30/2017,07/26/2017,10/11/2017,Restrict all new or additional shared housing units and vacation rentals.,http://www.chicityclerk.com/sites/default/files/RRZ_W13_P26.pdf,,,,,
13,12,11/06/2017,12/06/2017,12/13/2017,02/28/2018,Restrict all new or additional shared housing units and vacation rentals.,http://www.chicityclerk.com/file/7597/download?token=JmF3v7y3,,,,,
23,33,,,09/14/2023,10/04/2023,Amendment updating map after redistricting -- all new or additional shared housing restricted,https://occprodstoragev1.blob.core.usgovcloudapi.net/matterattachmentspublic/dad602c8-c38d-4b03-a2e2-d43d99ab58c0.pdf,,,,,
13,34,09/19/2017,10/19/2017,11/08/2017,11/21/2017,Restrict all new or additional shared housing units and vacation rentals.,https://www.chicityclerk.com/sites/default/files/RRZ_W13_P34.pdf,,,,,
13,2,05/23/2017,06/22/2017,07/26/2017,10/11/2017,Restrict all new or additional shared housing units and vacation rentals.,http://www.chicityclerk.com/sites/default/files/RRZ_W13_P2.pdf,,,,,
23,38,11/15/2019,12/15/2019,12/18/2019,01/15/2020,Restrict all new or additional shared housing units and vacation rentals.,https://chicago.legistar.com/View.ashx?M=F&ID=7968910&GUID=A7A362E1-48AB-4C56-A7C7-79BCF8E894E5,,,,,
